SNP,in plot
MT:73,EDF2a_left
MT:150,EDF2a_left
MT:192,EDF2a_left
MT:193,EDF2a_left
MT:199,EDF2a_left
MT:207,EDF2a_left
MT:217,EDF2a_left
MT:225,EDF2a_left
MT:228,EDF2a_left
MT:239,EDF2a_left
MT:242,EDF2a_left
MT:250,EDF2a_left
MT:263,EDF2a_left
MT:282,EDF2a_left
MT:285,EDF2a_left
MT:295,EDF2a_left
MT:319,EDF2a_left
MT:340,EDF2a_left
MT:456,EDF2a_left
MT:462,EDF2a_left
MT:482,EDF2a_left
MT:497,EDF2a_left
MT:507,EDF2a_left
MT:547,EDF2a_left
MT:709,EDF2a_left
MT:750,EDF2a_left
MT:769,EDF2a_left
MT:827,EDF2a_left
MT:951,EDF2a_left
MT:959,EDF2a_left
MT:980,EDF2a_left
MT:1018,EDF2a_left
MT:1095,EDF2a_left
MT:1154,EDF2a_left
MT:1189,EDF2a_left
MT:1243,EDF2a_left
MT:1292,EDF2a_left
MT:1303,EDF2a_left
MT:1391,EDF2a_left
MT:1406,EDF2a_left
MT:1438,EDF2a_left
MT:1472,EDF2a_left
MT:1555,EDF2a_left
MT:1646,EDF2a_left
MT:1694,EDF2a_left
MT:1719,EDF2a_left
MT:1721,EDF2a_left
MT:1736,EDF2a_left
MT:1811,EDF2a_left
MT:1850,EDF2a_left
MT:2141,EDF2a_left
MT:2158,EDF2a_left
MT:2217,EDF2a_left
MT:2218,EDF2a_left
MT:2259,EDF2a_left
MT:2264,EDF2a_left
MT:2294,EDF2a_left
MT:2308,EDF2a_left
MT:2416,EDF2a_left
MT:2483,EDF2a_left
MT:2526,EDF2a_left
MT:2701,EDF2a_left
MT:2706,EDF2a_left
MT:2758,EDF2a_left
MT:2850,EDF2a_left
MT:2863,EDF2a_left
MT:2885,EDF2a_left
MT:2911,EDF2a_left
MT:3010,EDF2a_left
MT:3027,EDF2a_left
MT:3192,EDF2a_left
MT:3197,EDF2a_left
MT:3308,EDF2a_left
MT:3311,EDF2a_left
MT:3316,EDF2a_left
MT:3348,EDF2a_left
MT:3394,EDF2a_left
MT:3395,EDF2a_left
MT:3423,EDF2a_left
MT:3447,EDF2a_left
MT:3480,EDF2a_left
MT:3505,EDF2a_left
MT:3531,EDF2a_left
MT:3594,EDF2a_left
MT:3612,EDF2a_left
MT:3645,EDF2a_left
MT:3666,EDF2a_left
MT:3697,EDF2a_left
MT:3720,EDF2a_left
MT:3721,EDF2a_left
MT:3736,EDF2a_left
MT:3738,EDF2a_left
MT:3741,EDF2a_left
MT:3777,EDF2a_left
MT:3796,EDF2a_left
MT:3822,EDF2a_left
MT:3834,EDF2a_left
MT:3866,EDF2a_left
MT:3892,EDF2a_left
MT:3915,EDF2a_left
MT:3936,EDF2a_left
MT:3949,EDF2a_left
MT:3984,EDF2a_left
MT:3990,EDF2a_left
MT:3992,EDF2a_left
MT:4024,EDF2a_left
MT:4065,EDF2a_left
MT:4093,EDF2a_left
MT:4095,EDF2a_left
MT:4104,EDF2a_left
MT:4171,EDF2a_left
MT:4188,EDF2a_left
MT:4216,EDF2a_left
MT:4295,EDF2a_left
MT:4310,EDF2a_left
MT:4336,EDF2a_left
MT:4350,EDF2a_left
MT:4363,EDF2a_left
MT:4371,EDF2a_left
MT:4418,EDF2a_left
MT:4529,EDF2a_left
MT:4561,EDF2a_left
MT:4577,EDF2a_left
MT:4580,EDF2a_left
MT:4592,EDF2a_left
MT:4639,EDF2a_left
MT:4646,EDF2a_left
MT:4695,EDF2a_left
MT:4703,EDF2a_left
MT:4715,EDF2a_left
MT:4727,EDF2a_left
MT:4751,EDF2a_left
MT:4760,EDF2a_left
MT:4769,EDF2a_left
MT:4787,EDF2a_left
MT:4790,EDF2a_left
MT:4793,EDF2a_left
MT:4820,EDF2a_left
MT:4824,EDF2a_left
MT:4883,EDF2a_left
MT:4908,EDF2a_left
MT:4917,EDF2a_left
MT:4964,EDF2a_left
MT:5004,EDF2a_left
MT:5012,EDF2a_left
MT:5046,EDF2a_left
MT:5111,EDF2a_left
MT:5147,EDF2a_left
MT:5178,EDF2a_left
MT:5231,EDF2a_left
MT:5240,EDF2a_left
MT:5263,EDF2a_left
MT:5277,EDF2a_left
MT:5302,EDF2a_left
MT:5360,EDF2a_left
MT:5369,EDF2a_left
MT:5378,EDF2a_left
MT:5390,EDF2a_left
MT:5427,EDF2a_left
MT:5442,EDF2a_left
MT:5495,EDF2a_left
MT:5496,EDF2a_left
MT:5583,EDF2a_left
MT:5633,EDF2a_left
MT:5656,EDF2a_left
MT:5773,EDF2a_left
MT:5913,EDF2a_left
MT:5922,EDF2a_left
MT:5951,EDF2a_left
MT:5999,EDF2a_left
MT:6002,EDF2a_left
MT:6047,EDF2a_left
MT:6120,EDF2a_left
MT:6185,EDF2a_left
MT:6221,EDF2a_left
MT:6227,EDF2a_left
MT:6253,EDF2a_left
MT:6272,EDF2a_left
MT:6297,EDF2a_left
MT:6371,EDF2a_left
MT:6386,EDF2a_left
MT:6392,EDF2a_left
MT:6455,EDF2a_left
MT:6489,EDF2a_left
MT:6528,EDF2a_left
MT:6546,EDF2a_left
MT:6584,EDF2a_left
MT:6734,EDF2a_left
MT:6752,EDF2a_left
MT:6776,EDF2a_left
MT:6836,EDF2a_left
MT:6845,EDF2a_left
MT:6953,EDF2a_left
MT:7028,EDF2a_left
MT:7055,EDF2a_left
MT:7175,EDF2a_left
MT:7226,EDF2a_left
MT:7256,EDF2a_left
MT:7476,EDF2a_left
MT:7502,EDF2a_left
MT:7521,EDF2a_left
MT:7559,EDF2a_left
MT:7567,EDF2a_left
MT:7645,EDF2a_left
MT:7657,EDF2a_left
MT:7729,EDF2a_left
MT:7746,EDF2a_left
MT:7768,EDF2a_left
MT:7789,EDF2a_left
MT:7831,EDF2a_left
MT:7864,EDF2a_left
MT:7887,EDF2a_left
MT:7963,EDF2a_left
MT:8137,EDF2a_left
MT:8206,EDF2a_left
MT:8247,EDF2a_left
MT:8251,EDF2a_left
MT:8269,EDF2a_left
MT:8296,EDF2a_left
MT:8393,EDF2a_left
MT:8395,EDF2a_left
MT:8448,EDF2a_left
MT:8516,EDF2a_left
MT:8533,EDF2a_left
MT:8547,EDF2a_left
MT:8563,EDF2a_left
MT:8598,EDF2a_left
MT:8616,EDF2a_left
MT:8653,EDF2a_left
MT:8655,EDF2a_left
MT:8684,EDF2a_left
MT:8697,EDF2a_left
MT:8734,EDF2a_left
MT:8768,EDF2a_left
MT:8853,EDF2a_left
MT:8869,EDF2a_left
MT:8901,EDF2a_left
MT:8938,EDF2a_left
MT:8958,EDF2a_left
MT:8994,EDF2a_left
MT:9042,EDF2a_left
MT:9055,EDF2a_left
MT:9072,EDF2a_left
MT:9093,EDF2a_left
MT:9094,EDF2a_left
MT:9096,EDF2a_left
MT:9114,EDF2a_left
MT:9117,EDF2a_left
MT:9123,EDF2a_left
MT:9156,EDF2a_left
MT:9168,EDF2a_left
MT:9221,EDF2a_left
MT:9365,EDF2a_left
MT:9377,EDF2a_left
MT:9380,EDF2a_left
MT:9383,EDF2a_left
MT:9407,EDF2a_left
MT:9477,EDF2a_left
MT:9647,EDF2a_left
MT:9667,EDF2a_left
MT:9698,EDF2a_left
MT:9716,EDF2a_left
MT:9800,EDF2a_left
MT:9815,EDF2a_left
MT:9899,EDF2a_left
MT:9944,EDF2a_left
MT:9950,EDF2a_left
MT:9962,EDF2a_left
MT:10034,EDF2a_left
MT:10044,EDF2a_left
MT:10081,EDF2a_left
MT:10084,EDF2a_left
MT:10142,EDF2a_left
MT:10154,EDF2a_left
MT:10160,EDF2a_left
MT:10172,EDF2a_left
MT:10188,EDF2a_left
MT:10217,EDF2a_left
MT:10238,EDF2a_left
MT:10289,EDF2a_left
MT:10310,EDF2a_left
MT:10321,EDF2a_left
MT:10394,EDF2a_left
MT:10397,EDF2a_left
MT:10398,EDF2a_left
MT:10400,EDF2a_left
MT:10463,EDF2a_left
MT:10499,EDF2a_left
MT:10550,EDF2a_left
MT:10688,EDF2a_left
MT:10733,EDF2a_left
MT:10810,EDF2a_left
MT:10819,EDF2a_left
MT:10822,EDF2a_left
MT:10849,EDF2a_left
MT:10873,EDF2a_left
MT:10876,EDF2a_left
MT:10915,EDF2a_left
MT:11025,EDF2a_left
MT:11065,EDF2a_left
MT:11128,EDF2a_left
MT:11143,EDF2a_left
MT:11172,EDF2a_left
MT:11251,EDF2a_left
MT:11296,EDF2a_left
MT:11299,EDF2a_left
MT:11332,EDF2a_left
MT:11348,EDF2a_left
MT:11377,EDF2a_left
MT:11467,EDF2a_left
MT:11470,EDF2a_left
MT:11485,EDF2a_left
MT:11506,EDF2a_left
MT:11530,EDF2a_left
MT:11674,EDF2a_left
MT:11719,EDF2a_left
MT:11737,EDF2a_left
MT:11778,EDF2a_left
MT:11812,EDF2a_left
MT:11840,EDF2a_left
MT:11899,EDF2a_left
MT:11914,EDF2a_left
MT:11923,EDF2a_left
MT:11947,EDF2a_left
MT:11971,EDF2a_left
MT:12007,EDF2a_left
MT:12076,EDF2a_left
MT:12097,EDF2a_left
MT:12234,EDF2a_left
MT:12308,EDF2a_left
MT:12372,EDF2a_left
MT:12376,EDF2a_left
MT:12379,EDF2a_left
MT:12397,EDF2a_left
MT:12406,EDF2a_left
MT:12414,EDF2a_left
MT:12444,EDF2a_left
MT:12454,EDF2a_left
MT:12491,EDF2a_left
MT:12501,EDF2a_left
MT:12570,EDF2a_left
MT:12612,EDF2a_left
MT:12630,EDF2a_left
MT:12633,EDF2a_left
MT:12642,EDF2a_left
MT:12669,EDF2a_left
MT:12705,EDF2a_left
MT:12741,EDF2a_left
MT:12793,EDF2a_left
MT:12810,EDF2a_left
MT:12850,EDF2a_left
MT:12879,EDF2a_left
MT:12880,EDF2a_left
MT:12923,EDF2a_left
MT:12950,EDF2a_left
MT:13020,EDF2a_left
MT:13101,EDF2a_left
MT:13104,EDF2a_left
MT:13105,EDF2a_left
MT:13117,EDF2a_left
MT:13135,EDF2a_left
MT:13239,EDF2a_left
MT:13263,EDF2a_left
MT:13368,EDF2a_left
MT:13500,EDF2a_left
MT:13506,EDF2a_left
MT:13566,EDF2a_left
MT:13575,EDF2a_left
MT:13614,EDF2a_left
MT:13617,EDF2a_left
MT:13637,EDF2a_left
MT:13650,EDF2a_left
MT:13662,EDF2a_left
MT:13708,EDF2a_left
MT:13734,EDF2a_left
MT:13740,EDF2a_left
MT:13759,EDF2a_left
MT:13780,EDF2a_left
MT:13789,EDF2a_left
MT:13816,EDF2a_left
MT:13879,EDF2a_left
MT:13932,EDF2a_left
MT:13965,EDF2a_left
MT:13966,EDF2a_left
MT:13967,EDF2a_left
MT:14016,EDF2a_left
MT:14037,EDF2a_left
MT:14055,EDF2a_left
MT:14070,EDF2a_left
MT:14094,EDF2a_left
MT:14133,EDF2a_left
MT:14139,EDF2a_left
MT:14149,EDF2a_left
MT:14167,EDF2a_left
MT:14179,EDF2a_left
MT:14233,EDF2a_left
MT:14318,EDF2a_left
MT:14320,EDF2a_left
MT:14321,EDF2a_left
MT:14324,EDF2a_left
MT:14326,EDF2a_left
MT:14328,EDF2a_left
MT:14330,EDF2a_left
MT:14331,EDF2a_left
MT:14333,EDF2a_left
MT:14484,EDF2a_left
MT:14518,EDF2a_left
MT:14569,EDF2a_left
MT:14573,EDF2a_left
MT:14582,EDF2a_left
MT:14620,EDF2a_left
MT:14674,EDF2a_left
MT:14687,EDF2a_left
MT:14761,EDF2a_left
MT:14766,EDF2a_left
MT:14778,EDF2a_left
MT:14793,EDF2a_left
MT:14798,EDF2a_left
MT:14869,EDF2a_left
MT:14872,EDF2a_left
MT:14905,EDF2a_left
MT:15043,EDF2a_left
MT:15049,EDF2a_left
MT:15074,EDF2a_left
MT:15082,EDF2a_left
MT:15148,EDF2a_left
MT:15214,EDF2a_left
MT:15218,EDF2a_left
MT:15229,EDF2a_left
MT:15244,EDF2a_left
MT:15250,EDF2a_left
MT:15257,EDF2a_left
MT:15286,EDF2a_left
MT:15292,EDF2a_left
MT:15301,EDF2a_left
MT:15358,EDF2a_left
MT:15373,EDF2a_left
MT:15385,EDF2a_left
MT:15452,EDF2a_left
MT:15454,EDF2a_left
MT:15497,EDF2a_left
MT:15535,EDF2a_left
MT:15607,EDF2a_left
MT:15679,EDF2a_left
MT:15693,EDF2a_left
MT:15732,EDF2a_left
MT:15758,EDF2a_left
MT:15775,EDF2a_left
MT:15784,EDF2a_left
MT:15812,EDF2a_left
MT:15833,EDF2a_left
MT:15884,EDF2a_left
MT:15907,EDF2a_left
MT:15924,EDF2a_left
MT:15927,EDF2a_left
MT:15928,EDF2a_left
MT:15930,EDF2a_left
MT:15944,EDF2a_left
MT:15946,EDF2a_left
MT:15968,EDF2a_left
MT:16069,EDF2a_left
MT:16121,EDF2a_left
MT:16126,EDF2a_left
MT:16144,EDF2a_left
MT:16145,EDF2a_left
MT:16146,EDF2a_left
MT:16148,EDF2a_left
MT:16153,EDF2a_left
MT:16162,EDF2a_left
MT:16163,EDF2a_left
MT:16172,EDF2a_left
MT:16193,EDF2a_left
MT:16223,EDF2a_left
MT:16243,EDF2a_left
MT:16270,EDF2a_left
MT:16298,EDF2a_left
MT:16337,EDF2a_left
MT:16353,EDF2a_left
MT:16356,EDF2a_left
MT:16362,EDF2a_left
MT:16391,EDF2a_left
MT:16463,EDF2a_left
MT:16482,EDF2a_left
MT:16526,EDF2a_left
MT:16535,EDF2a_left
MT:150,EDF2a_middle
MT:1438,EDF2a_middle
MT:1719,EDF2a_middle
MT:3010,EDF2a_middle
MT:3394,EDF2a_middle
MT:3796,EDF2a_middle
MT:4336,EDF2a_middle
MT:4793,EDF2a_middle
MT:6776,EDF2a_middle
MT:8269,EDF2a_middle
MT:9716,EDF2a_middle
MT:10915,EDF2a_middle
MT:11485,EDF2a_middle
MT:11914,EDF2a_middle
MT:12633,EDF2a_middle
MT:13020,EDF2a_middle
MT:13105,EDF2a_middle
MT:13759,EDF2a_middle
MT:13965,EDF2a_middle
MT:13966,EDF2a_middle
MT:14766,EDF2a_middle
MT:14793,EDF2a_middle
MT:14798,EDF2a_middle
MT:14872,EDF2a_middle
MT:15257,EDF2a_middle
MT:15924,EDF2a_middle
MT:15928,EDF2a_middle
MT:16145,EDF2a_middle
MT:16162,EDF2a_middle
MT:16172,EDF2a_middle
MT:16193,EDF2a_middle
MT:16270,EDF2a_middle
MT:16298,EDF2a_middle
MT:16356,EDF2a_middle
MT:16362,EDF2a_middle
MT:150,EDF2a_right
MT:1438,EDF2a_right
MT:1719,EDF2a_right
MT:3010,EDF2a_right
MT:3394,EDF2a_right
MT:3796,EDF2a_right
MT:4336,EDF2a_right
MT:4793,EDF2a_right
MT:6776,EDF2a_right
MT:8269,EDF2a_right
MT:9716,EDF2a_right
MT:10915,EDF2a_right
MT:11485,EDF2a_right
MT:11914,EDF2a_right
MT:12633,EDF2a_right
MT:13020,EDF2a_right
MT:13105,EDF2a_right
MT:13759,EDF2a_right
MT:13965,EDF2a_right
MT:13966,EDF2a_right
MT:14766,EDF2a_right
MT:14793,EDF2a_right
MT:14798,EDF2a_right
MT:14872,EDF2a_right
MT:15257,EDF2a_right
MT:15924,EDF2a_right
MT:15928,EDF2a_right
MT:16145,EDF2a_right
MT:16162,EDF2a_right
MT:16172,EDF2a_right
MT:16193,EDF2a_right
MT:16270,EDF2a_right
MT:16298,EDF2a_right
MT:16356,EDF2a_right
MT:16362,EDF2a_right